anime_id,anime_title,genre,type,episodes,release_year,studio,age_rating,average_rating,rating_count,review_count,popularity_rank,favorites_count,sub_available,dub_available,original_language,status
1,Anime Title 1,"Adventure, Action, Comedy",Movie,29,1999,Ufotable,G,8.45,17163,2002,1,99246,Yes,Yes,Japanese,Ongoing
2,Anime Title 2,"Romance, Slice of Life, Sci-Fi",Movie,58,2013,Toei Animation,G,9.0,84207,45803,2,444143,No,No,Japanese,Ongoing
3,Anime Title 3,Drama,TV,12,2007,Ufotable,PG-13,9.3,317026,17385,3,847335,Yes,No,Japanese,Ongoing
4,Anime Title 4,"Adventure, Slice of Life",OVA,81,2014,A-1 Pictures,PG,8.83,24525,43386,4,239968,No,Yes,Japanese,Ongoing
5,Anime Title 5,Sci-Fi,OVA,59,2015,A-1 Pictures,PG,7.72,110342,43970,5,280946,Yes,Yes,Japanese,Ongoing
6,Anime Title 6,Horror,Special,35,2024,Madhouse,PG-13,9.28,407347,3715,6,241174,Yes,No,Japanese,Completed
7,Anime Title 7,"Adventure, Romance",OVA,28,2015,Wit Studio,R,9.42,337539,30121,7,150811,No,Yes,Japanese,Ongoing
8,Anime Title 8,"Slice of Life, Sports, Comedy",Special,75,2007,A-1 Pictures,PG,9.79,73025,33442,8,518488,Yes,Yes,Japanese,Ongoing
9,Anime Title 9,Fantasy,Special,77,1997,Kyoto Animation,R,8.47,245892,34726,9,264626,Yes,Yes,Japanese,Completed
10,Anime Title 10,"Drama, Adventure, Comedy",Special,21,2009,MAPPA,PG-13,9.71,399987,11758,10,533342,Yes,No,Japanese,Ongoing
11,Anime Title 11,Drama,Movie,70,2025,MAPPA,PG-13,8.11,59150,23838,11,922406,No,Yes,Japanese,Ongoing
12,Anime Title 12,Sports,TV,11,2018,Wit Studio,G,9.73,279791,8291,12,135628,No,Yes,Japanese,Completed
13,Anime Title 13,"Sports, Sci-Fi, Romance",Movie,92,2004,Kyoto Animation,PG-13,7.95,271858,29638,13,127882,Yes,Yes,Japanese,Ongoing
14,Anime Title 14,"Action, Slice of Life",Movie,76,2002,MAPPA,G,8.84,31366,15053,14,71674,Yes,No,Japanese,Ongoing
15,Anime Title 15,"Romance, Comedy, Horror",Movie,70,1999,Wit Studio,PG,9.09,423860,26727,15,200659,Yes,Yes,Japanese,Completed
16,Anime Title 16,"Sci-Fi, Sports",Special,94,1996,Ufotable,G,7.83,178392,7211,16,261735,Yes,Yes,Japanese,Completed
17,Anime Title 17,Sci-Fi,Movie,36,2009,Madhouse,G,7.96,452094,36116,17,103664,Yes,Yes,Japanese,Ongoing
18,Anime Title 18,Fantasy,Special,63,2010,Madhouse,R,9.48,86817,24886,18,3260,No,No,Japanese,Completed
19,Anime Title 19,"Sci-Fi, Slice of Life",Special,20,2001,Toei Animation,PG,9.7,304157,48267,19,569532,Yes,No,Japanese,Ongoing
20,Anime Title 20,Sports,Special,65,2024,Bones,G,9.67,42501,12228,20,72849,Yes,Yes,Japanese,Completed
21,Anime Title 21,Sports,Movie,75,2014,MAPPA,G,7.88,306512,37092,21,549177,No,No,Japanese,Ongoing
22,Anime Title 22,"Drama, Romance, Comedy",Special,17,2016,Toei Animation,R,7.54,394693,4804,22,10767,No,Yes,Japanese,Ongoing
23,Anime Title 23,"Romance, Slice of Life, Comedy",Movie,45,2023,Ufotable,PG,7.72,83204,28766,23,875244,No,Yes,Japanese,Completed
24,Anime Title 24,"Adventure, Fantasy, Comedy",TV,14,2018,Bones,PG-13,7.43,110930,47079,24,360536,Yes,No,Japanese,Completed
25,Anime Title 25,"Action, Adventure",Special,36,1996,MAPPA,PG-13,9.04,334530,17217,25,170430,No,No,Japanese,Ongoing
26,Anime Title 26,Adventure,Movie,70,1996,A-1 Pictures,PG,7.92,22430,20252,26,383364,Yes,No,Japanese,Ongoing
27,Anime Title 27,"Romance, Adventure, Drama",Special,80,2018,Bones,PG,9.35,419871,11653,27,925231,No,Yes,Japanese,Ongoing
28,Anime Title 28,"Drama, Sci-Fi, Romance",OVA,21,2020,Ufotable,R,9.38,450650,30897,28,234238,Yes,No,Japanese,Completed
29,Anime Title 29,"Romance, Sports",TV,85,2001,Kyoto Animation,PG-13,7.42,36896,18342,29,369203,No,No,Japanese,Ongoing
30,Anime Title 30,Comedy,Movie,75,2025,Toei Animation,G,6.86,228336,22704,30,764934,No,No,Japanese,Ongoing
31,Anime Title 31,"Sports, Romance",OVA,6,2017,Kyoto Animation,G,8.22,423343,35337,31,721221,Yes,No,Japanese,Completed
32,Anime Title 32,Drama,OVA,85,2022,Ufotable,PG-13,8.17,350143,26814,32,343027,No,No,Japanese,Ongoing
33,Anime Title 33,Sci-Fi,Special,87,2018,Bones,PG-13,7.84,437612,76,33,319635,No,Yes,Japanese,Completed
34,Anime Title 34,"Sports, Drama, Horror",Special,57,2016,Madhouse,R,9.12,417846,48281,34,178934,Yes,No,Japanese,Completed
35,Anime Title 35,Romance,OVA,29,2020,Madhouse,PG,6.58,128868,31188,35,641967,Yes,No,Japanese,Completed
36,Anime Title 36,"Sports, Romance, Sci-Fi",Special,52,2002,Bones,G,9.45,451618,7035,36,817232,No,Yes,Japanese,Ongoing
37,Anime Title 37,"Slice of Life, Horror, Action",Movie,16,2009,Bones,R,8.7,293537,39073,37,333711,No,No,Japanese,Completed
38,Anime Title 38,Horror,Special,34,2019,Madhouse,PG-13,9.03,273811,31808,38,658193,Yes,No,Japanese,Completed
39,Anime Title 39,Comedy,Movie,35,2005,A-1 Pictures,G,6.96,121747,25152,39,728659,Yes,Yes,Japanese,Ongoing
40,Anime Title 40,"Sci-Fi, Drama",Special,54,1996,Madhouse,R,7.79,404094,38328,40,993017,Yes,No,Japanese,Completed
41,Anime Title 41,Drama,OVA,97,2007,Kyoto Animation,PG,8.11,143596,28612,41,510232,Yes,No,Japanese,Completed
42,Anime Title 42,"Sci-Fi, Fantasy, Horror",Movie,80,2012,MAPPA,R,8.45,348102,1826,42,89025,No,Yes,Japanese,Completed
43,Anime Title 43,Action,OVA,49,2005,Madhouse,R,7.58,399603,24896,43,292773,No,No,Japanese,Ongoing
44,Anime Title 44,"Action, Slice of Life",TV,45,2002,Ufotable,G,8.99,498370,16255,44,210044,Yes,Yes,Japanese,Ongoing
45,Anime Title 45,Horror,TV,73,2025,Madhouse,R,8.81,402575,24225,45,176939,Yes,Yes,Japanese,Completed
46,Anime Title 46,Sports,TV,40,2013,Kyoto Animation,R,9.61,104481,5030,46,621859,Yes,Yes,Japanese,Completed
47,Anime Title 47,"Sports, Adventure, Action",OVA,69,2008,A-1 Pictures,G,8.17,179403,879,47,891844,No,No,Japanese,Ongoing
48,Anime Title 48,"Drama, Horror",Movie,56,2000,Toei Animation,R,8.03,433422,47958,48,622254,No,No,Japanese,Ongoing
49,Anime Title 49,Comedy,Special,32,2019,Wit Studio,R,7.61,259658,21350,49,191672,No,Yes,Japanese,Completed
50,Anime Title 50,"Drama, Comedy",OVA,72,1995,Madhouse,G,7.3,213585,32069,50,583144,Yes,No,Japanese,Completed
51,Anime Title 51,"Action, Adventure",OVA,29,2007,Madhouse,PG-13,8.69,193972,31065,51,581358,No,No,Japanese,Completed
52,Anime Title 52,"Horror, Comedy",OVA,33,2002,Ufotable,PG,7.54,389983,35168,52,998067,Yes,Yes,Japanese,Ongoing
53,Anime Title 53,"Horror, Comedy, Slice of Life",TV,25,2004,Madhouse,PG-13,7.09,7917,46450,53,561081,Yes,No,Japanese,Ongoing
54,Anime Title 54,Slice of Life,OVA,90,2025,Bones,R,6.84,6930,37671,54,299151,No,No,Japanese,Completed
55,Anime Title 55,"Fantasy, Action",OVA,62,1998,Ufotable,R,8.12,303025,41301,55,720796,Yes,Yes,Japanese,Ongoing
56,Anime Title 56,"Comedy, Adventure, Romance",TV,72,2019,Kyoto Animation,PG,9.06,199927,29574,56,953635,No,No,Japanese,Completed
57,Anime Title 57,"Sports, Action",TV,98,2001,Madhouse,PG-13,8.68,82843,15769,57,183256,Yes,Yes,Japanese,Ongoing
58,Anime Title 58,"Horror, Sports",OVA,5,2002,Toei Animation,PG-13,8.82,238543,4714,58,721775,Yes,No,Japanese,Ongoing
59,Anime Title 59,"Adventure, Slice of Life",Movie,83,1999,Toei Animation,PG,6.74,87491,20209,59,624948,No,No,Japanese,Ongoing
60,Anime Title 60,"Comedy, Sci-Fi",OVA,65,2012,Wit Studio,R,6.77,21398,28363,60,771214,No,No,Japanese,Ongoing
61,Anime Title 61,Romance,TV,98,2016,Toei Animation,G,9.02,92350,30884,61,545173,No,No,Japanese,Ongoing
62,Anime Title 62,"Sci-Fi, Horror, Adventure",Special,45,2008,A-1 Pictures,PG-13,8.71,450199,10589,62,346824,No,No,Japanese,Completed
63,Anime Title 63,"Sci-Fi, Slice of Life, Action",Special,12,2005,Toei Animation,PG-13,6.88,405537,26538,63,907924,Yes,No,Japanese,Completed
64,Anime Title 64,Romance,OVA,80,2019,Wit Studio,R,9.01,107223,17551,64,576898,Yes,No,Japanese,Completed
65,Anime Title 65,"Horror, Adventure, Action",Movie,91,2000,Toei Animation,G,8.32,49368,14775,65,883277,Yes,No,Japanese,Ongoing
66,Anime Title 66,"Fantasy, Horror, Comedy",OVA,54,2021,Wit Studio,R,7.3,289521,9529,66,403219,Yes,Yes,Japanese,Ongoing
67,Anime Title 67,"Sci-Fi, Drama",OVA,1,2004,Toei Animation,R,9.36,234619,35346,67,508868,No,No,Japanese,Completed
68,Anime Title 68,"Drama, Romance",Movie,74,2007,Madhouse,R,6.64,390939,31046,68,740485,No,No,Japanese,Ongoing
69,Anime Title 69,"Action, Fantasy",OVA,13,2022,Wit Studio,G,8.24,240061,1055,69,758537,Yes,No,Japanese,Ongoing
70,Anime Title 70,Horror,OVA,44,2014,Kyoto Animation,G,9.31,447372,44244,70,902085,No,No,Japanese,Completed
71,Anime Title 71,"Action, Adventure, Romance",OVA,30,2018,Ufotable,R,9.73,399152,41583,71,739083,Yes,No,Japanese,Ongoing
72,Anime Title 72,"Comedy, Action, Slice of Life",OVA,8,2004,A-1 Pictures,PG-13,7.92,128529,34860,72,433067,Yes,Yes,Japanese,Ongoing
73,Anime Title 73,Sports,Special,80,2016,Madhouse,R,9.51,75534,15266,73,484550,No,No,Japanese,Completed
74,Anime Title 74,"Action, Horror, Comedy",Movie,10,2009,A-1 Pictures,PG-13,8.61,222960,45290,74,263246,No,No,Japanese,Ongoing
75,Anime Title 75,"Horror, Adventure",Movie,49,2013,A-1 Pictures,PG-13,9.78,155285,1487,75,871357,No,No,Japanese,Ongoing
76,Anime Title 76,"Action, Horror, Comedy",Movie,78,2020,A-1 Pictures,PG,8.6,326025,16475,76,711687,Yes,Yes,Japanese,Ongoing
77,Anime Title 77,"Horror, Action",OVA,94,1999,Ufotable,PG-13,7.58,218343,11560,77,211548,Yes,No,Japanese,Completed
78,Anime Title 78,Comedy,Special,38,2018,A-1 Pictures,G,8.05,39978,9274,78,791785,Yes,No,Japanese,Completed
79,Anime Title 79,Sci-Fi,TV,34,2012,Ufotable,R,7.72,393197,44112,79,275896,No,No,Japanese,Ongoing
80,Anime Title 80,"Romance, Horror, Action",OVA,79,2002,Ufotable,R,9.5,158934,42598,80,429129,Yes,Yes,Japanese,Ongoing
81,Anime Title 81,Comedy,Special,15,1998,Madhouse,PG,7.78,195016,43990,81,996497,No,Yes,Japanese,Completed
82,Anime Title 82,"Adventure, Horror, Sci-Fi",OVA,5,2017,A-1 Pictures,PG,7.96,498864,15523,82,898004,No,Yes,Japanese,Completed
83,Anime Title 83,"Drama, Action, Sci-Fi",OVA,25,2025,Ufotable,R,6.8,111704,42104,83,671556,Yes,Yes,Japanese,Completed
84,Anime Title 84,Fantasy,Movie,9,2021,Madhouse,PG,9.18,122658,21582,84,812984,Yes,Yes,Japanese,Completed
85,Anime Title 85,Fantasy,OVA,23,1998,MAPPA,PG,6.55,414679,15643,85,618457,No,Yes,Japanese,Ongoing
86,Anime Title 86,"Action, Fantasy",Special,68,1998,Ufotable,R,7.98,190312,33685,86,623503,Yes,No,Japanese,Ongoing
87,Anime Title 87,"Action, Slice of Life, Comedy",Special,83,2025,MAPPA,G,9.8,444728,26370,87,447980,Yes,No,Japanese,Completed
88,Anime Title 88,Adventure,OVA,78,1999,Ufotable,PG,7.41,332414,38412,88,575993,No,No,Japanese,Completed
89,Anime Title 89,"Slice of Life, Sci-Fi",TV,90,1998,Madhouse,R,7.99,120296,27169,89,356395,No,No,Japanese,Completed
90,Anime Title 90,"Adventure, Drama, Sci-Fi",OVA,86,2003,A-1 Pictures,PG,8.77,249152,4449,90,96656,Yes,Yes,Japanese,Completed
91,Anime Title 91,Drama,Movie,72,1996,A-1 Pictures,G,7.86,458521,43653,91,987846,No,Yes,Japanese,Completed
92,Anime Title 92,"Comedy, Drama, Adventure",Movie,20,2016,Wit Studio,PG,9.3,184060,36505,92,386415,Yes,No,Japanese,Ongoing
93,Anime Title 93,"Slice of Life, Sports",TV,78,2024,Toei Animation,G,7.1,368916,20299,93,967302,No,No,Japanese,Ongoing
94,Anime Title 94,Fantasy,Special,9,1999,MAPPA,G,8.96,113291,24704,94,441226,No,No,Japanese,Ongoing
95,Anime Title 95,"Comedy, Drama",TV,7,1999,Bones,G,8.72,143160,29089,95,695093,No,No,Japanese,Completed
96,Anime Title 96,"Comedy, Romance",TV,45,2008,Ufotable,PG-13,8.74,311473,31941,96,553530,No,Yes,Japanese,Ongoing
97,Anime Title 97,"Sports, Action",TV,27,2004,Madhouse,PG,9.02,152253,21553,97,126812,Yes,No,Japanese,Completed
98,Anime Title 98,Fantasy,Special,69,2017,Madhouse,PG-13,6.74,452312,48680,98,45357,No,Yes,Japanese,Completed
99,Anime Title 99,Drama,Special,74,2007,Kyoto Animation,PG-13,6.88,11434,21334,99,181222,No,No,Japanese,Ongoing
100,Anime Title 100,"Adventure, Romance",Special,76,2007,Ufotable,R,9.37,391516,22300,100,233335,No,Yes,Japanese,Ongoing
101,Anime Title 101,"Adventure, Slice of Life, Romance",OVA,45,2018,Bones,PG,6.84,134701,12978,101,182926,Yes,Yes,Japanese,Ongoing
102,Anime Title 102,"Horror, Sports, Slice of Life",OVA,81,2005,Bones,R,6.73,232344,41428,102,318530,No,Yes,Japanese,Completed
103,Anime Title 103,"Adventure, Comedy, Horror",Special,5,1996,A-1 Pictures,PG-13,6.75,453615,5967,103,645883,No,No,Japanese,Ongoing
104,Anime Title 104,"Sports, Romance",OVA,78,2010,Bones,G,7.99,425680,22557,104,750014,Yes,Yes,Japanese,Ongoing
105,Anime Title 105,Horror,Special,68,2011,Bones,PG-13,7.73,148817,25439,105,429625,No,Yes,Japanese,Completed
106,Anime Title 106,Drama,TV,72,2016,Kyoto Animation,PG-13,7.33,446965,43078,106,951369,Yes,No,Japanese,Ongoing
107,Anime Title 107,"Fantasy, Drama, Comedy",Special,17,2014,Ufotable,PG-13,8.34,337875,21577,107,853686,Yes,Yes,Japanese,Completed
108,Anime Title 108,"Drama, Action, Sports",OVA,24,2025,Madhouse,PG-13,9.63,255446,12633,108,238547,Yes,Yes,Japanese,Ongoing
109,Anime Title 109,"Adventure, Slice of Life",TV,85,2005,Bones,R,7.01,95315,45456,109,809554,Yes,No,Japanese,Ongoing
110,Anime Title 110,"Drama, Romance",Special,79,2004,Wit Studio,PG,8.26,162750,30787,110,948885,Yes,No,Japanese,Completed
111,Anime Title 111,"Comedy, Sci-Fi",Special,21,2021,Madhouse,PG,9.38,27857,42070,111,504935,No,Yes,Japanese,Ongoing
112,Anime Title 112,"Adventure, Fantasy",OVA,58,2023,Bones,R,6.8,477866,14601,112,857375,No,No,Japanese,Ongoing
113,Anime Title 113,"Action, Sci-Fi",OVA,31,2007,Ufotable,PG-13,7.24,167582,6543,113,880940,No,Yes,Japanese,Ongoing
114,Anime Title 114,Comedy,Special,90,2021,Bones,R,7.98,3253,5242,114,20927,No,Yes,Japanese,Ongoing
115,Anime Title 115,"Sports, Slice of Life, Sci-Fi",TV,100,2004,Madhouse,PG-13,6.9,125510,27563,115,670989,No,Yes,Japanese,Ongoing
116,Anime Title 116,"Sports, Slice of Life",TV,81,2011,Madhouse,PG,7.46,1320,40342,116,370954,Yes,No,Japanese,Ongoing
117,Anime Title 117,"Adventure, Slice of Life, Drama",TV,68,2012,MAPPA,R,9.38,23324,41709,117,406674,No,No,Japanese,Ongoing
118,Anime Title 118,"Adventure, Drama",Movie,94,2016,Ufotable,PG-13,6.94,185206,35833,118,355992,Yes,No,Japanese,Completed
119,Anime Title 119,"Fantasy, Sports, Adventure",Special,5,2004,Madhouse,G,9.11,464909,2796,119,331926,No,No,Japanese,Completed
120,Anime Title 120,"Action, Romance",OVA,46,2022,MAPPA,PG-13,7.4,419585,24168,120,459176,No,No,Japanese,Completed
121,Anime Title 121,"Fantasy, Horror",Special,48,2024,Toei Animation,G,8.9,41880,28270,121,632718,Yes,No,Japanese,Completed
122,Anime Title 122,Adventure,OVA,85,2004,Toei Animation,R,8.49,223907,10971,122,724270,No,No,Japanese,Completed
123,Anime Title 123,Drama,Special,36,2015,MAPPA,G,8.71,213471,23859,123,539009,Yes,Yes,Japanese,Ongoing
124,Anime Title 124,"Horror, Action, Fantasy",TV,31,2019,A-1 Pictures,PG-13,7.76,297899,2172,124,635487,Yes,No,Japanese,Completed
125,Anime Title 125,"Horror, Adventure",Movie,68,2006,Kyoto Animation,PG-13,8.64,131368,7484,125,28172,Yes,No,Japanese,Completed
126,Anime Title 126,"Adventure, Comedy, Slice of Life",Special,28,2014,Toei Animation,R,7.16,71660,4903,126,475001,Yes,No,Japanese,Ongoing
127,Anime Title 127,"Drama, Sports, Adventure",OVA,39,2022,Bones,PG,9.12,267234,14745,127,128257,Yes,Yes,Japanese,Ongoing
128,Anime Title 128,"Action, Drama",OVA,60,2020,Bones,G,6.72,209250,47034,128,754789,No,No,Japanese,Completed
129,Anime Title 129,"Adventure, Fantasy, Drama",TV,58,2009,A-1 Pictures,PG,9.4,409582,36180,129,671872,Yes,Yes,Japanese,Completed
130,Anime Title 130,"Action, Adventure, Fantasy",OVA,22,2000,A-1 Pictures,PG,7.64,493804,34056,130,939397,No,Yes,Japanese,Completed
131,Anime Title 131,Slice of Life,OVA,17,2015,Toei Animation,G,8.16,88913,38834,131,988346,Yes,Yes,Japanese,Completed
132,Anime Title 132,"Action, Sports, Adventure",TV,83,2019,Toei Animation,PG,9.03,218911,40558,132,671030,Yes,No,Japanese,Completed
133,Anime Title 133,"Comedy, Horror, Romance",Special,39,2009,Ufotable,G,7.02,218405,31785,133,488002,Yes,No,Japanese,Ongoing
134,Anime Title 134,"Drama, Sports",Special,17,2019,A-1 Pictures,G,7.55,245065,8079,134,281464,No,Yes,Japanese,Ongoing
135,Anime Title 135,Action,OVA,50,2022,Kyoto Animation,PG,9.68,473570,10516,135,853993,No,No,Japanese,Ongoing
136,Anime Title 136,Horror,Special,64,2023,Toei Animation,R,6.58,496074,25821,136,530996,No,Yes,Japanese,Ongoing
137,Anime Title 137,"Drama, Action, Slice of Life",OVA,64,2014,Wit Studio,PG-13,8.27,444662,7094,137,452860,Yes,No,Japanese,Completed
138,Anime Title 138,"Drama, Action",Special,7,2013,Madhouse,PG-13,8.33,39051,25369,138,529750,No,No,Japanese,Ongoing
139,Anime Title 139,Adventure,Special,48,2020,A-1 Pictures,PG-13,8.99,104863,39533,139,534853,No,Yes,Japanese,Ongoing
140,Anime Title 140,Fantasy,OVA,61,2011,Wit Studio,PG,8.5,270773,9210,140,344897,No,Yes,Japanese,Completed
141,Anime Title 141,"Comedy, Drama, Horror",OVA,61,2021,MAPPA,PG-13,7.59,57964,27348,141,613056,No,Yes,Japanese,Completed
142,Anime Title 142,"Sports, Romance",TV,75,2010,Bones,R,6.99,357396,15922,142,34104,Yes,Yes,Japanese,Ongoing
143,Anime Title 143,"Drama, Sci-Fi",Movie,53,2017,Madhouse,R,8.16,321090,30957,143,916215,Yes,Yes,Japanese,Ongoing
144,Anime Title 144,"Drama, Horror, Sci-Fi",OVA,23,2009,A-1 Pictures,PG-13,8.73,455400,47296,144,714813,No,No,Japanese,Ongoing
145,Anime Title 145,Comedy,OVA,29,2025,Toei Animation,PG-13,8.83,362384,46252,145,513756,No,No,Japanese,Completed
146,Anime Title 146,"Comedy, Sports, Adventure",Special,51,2021,A-1 Pictures,PG,7.46,151301,46851,146,83868,No,No,Japanese,Completed
147,Anime Title 147,"Horror, Romance, Slice of Life",OVA,72,2017,Toei Animation,PG,6.86,388940,38508,147,251905,Yes,Yes,Japanese,Ongoing
148,Anime Title 148,"Romance, Action, Adventure",Special,43,2017,Wit Studio,G,8.75,72572,389,148,578086,Yes,No,Japanese,Completed
149,Anime Title 149,"Romance, Comedy",OVA,37,2015,MAPPA,G,8.65,122250,35121,149,775568,Yes,Yes,Japanese,Completed
150,Anime Title 150,Action,Special,64,2000,Toei Animation,G,6.53,298275,39553,150,113512,No,No,Japanese,Completed
151,Anime Title 151,"Slice of Life, Sports, Horror",Movie,65,2009,Toei Animation,PG,9.17,173873,10699,151,767634,No,No,Japanese,Ongoing
152,Anime Title 152,Drama,OVA,73,2016,Madhouse,PG,8.52,335376,26624,152,868161,No,No,Japanese,Ongoing
153,Anime Title 153,"Adventure, Fantasy",Movie,62,2005,Madhouse,G,7.36,123980,29327,153,791371,No,No,Japanese,Completed
154,Anime Title 154,"Sports, Action, Comedy",OVA,89,2002,MAPPA,G,8.04,84237,26619,154,720400,No,Yes,Japanese,Completed
155,Anime Title 155,"Sports, Romance",Movie,18,2010,Bones,R,8.97,318081,24535,155,437045,No,Yes,Japanese,Ongoing
156,Anime Title 156,"Sports, Adventure, Horror",OVA,10,2024,Ufotable,G,9.23,473873,33177,156,212976,Yes,Yes,Japanese,Completed
157,Anime Title 157,"Horror, Adventure, Romance",Special,12,2023,Wit Studio,G,8.0,269589,27275,157,479987,Yes,No,Japanese,Completed
158,Anime Title 158,"Action, Sci-Fi, Comedy",TV,96,2001,Ufotable,G,7.9,367703,4228,158,568451,Yes,Yes,Japanese,Completed
159,Anime Title 159,Comedy,Special,24,2019,Bones,R,7.74,467815,25116,159,471325,No,No,Japanese,Ongoing
160,Anime Title 160,"Slice of Life, Fantasy, Drama",TV,23,2012,Kyoto Animation,PG,8.9,117253,277,160,793911,Yes,No,Japanese,Completed
161,Anime Title 161,"Slice of Life, Sci-Fi, Sports",Movie,32,2009,A-1 Pictures,PG,7.41,491973,47565,161,803674,Yes,Yes,Japanese,Completed
162,Anime Title 162,"Action, Romance, Slice of Life",TV,13,2014,MAPPA,R,8.47,369224,3240,162,257622,Yes,No,Japanese,Completed
163,Anime Title 163,Slice of Life,Movie,97,2022,MAPPA,PG,8.16,152157,15396,163,856413,No,No,Japanese,Ongoing
164,Anime Title 164,"Fantasy, Slice of Life",Movie,53,2004,Toei Animation,G,8.34,310703,48232,164,956858,Yes,No,Japanese,Completed
165,Anime Title 165,Drama,Special,68,2005,Kyoto Animation,R,6.99,197873,12100,165,792062,No,Yes,Japanese,Ongoing
166,Anime Title 166,"Fantasy, Horror",TV,72,2008,Kyoto Animation,PG,7.78,134191,13375,166,347305,Yes,No,Japanese,Completed
167,Anime Title 167,Slice of Life,Movie,7,2003,Kyoto Animation,G,9.38,99151,49968,167,617126,Yes,No,Japanese,Ongoing
168,Anime Title 168,"Comedy, Action",Movie,25,2025,Ufotable,R,9.52,365208,39660,168,738954,Yes,No,Japanese,Ongoing
169,Anime Title 169,"Drama, Comedy, Sci-Fi",Special,69,2015,A-1 Pictures,PG-13,7.36,269363,32639,169,489640,Yes,No,Japanese,Completed
170,Anime Title 170,Drama,OVA,53,1996,Madhouse,PG,6.55,290594,38325,170,608275,No,No,Japanese,Ongoing
171,Anime Title 171,Drama,Movie,49,2013,Madhouse,R,8.32,495147,44932,171,354961,No,No,Japanese,Completed
172,Anime Title 172,"Fantasy, Drama",Movie,18,2018,Wit Studio,PG,9.53,284735,42111,172,62585,Yes,Yes,Japanese,Ongoing
173,Anime Title 173,Sci-Fi,Movie,81,2002,Ufotable,PG,6.53,265649,29935,173,392329,Yes,No,Japanese,Completed
174,Anime Title 174,Action,Special,2,1995,Toei Animation,PG-13,6.56,426828,45784,174,707774,No,Yes,Japanese,Ongoing
175,Anime Title 175,Slice of Life,Movie,31,2001,Toei Animation,PG-13,7.38,208588,5228,175,392172,No,No,Japanese,Ongoing
176,Anime Title 176,"Romance, Comedy, Adventure",TV,12,2007,Kyoto Animation,R,8.32,29920,41779,176,10909,Yes,Yes,Japanese,Completed
177,Anime Title 177,"Drama, Adventure",TV,30,2001,Wit Studio,PG-13,6.65,39479,44904,177,971546,No,Yes,Japanese,Ongoing
178,Anime Title 178,"Action, Romance",Movie,97,2021,Kyoto Animation,G,7.49,296176,15809,178,595223,No,No,Japanese,Completed
179,Anime Title 179,"Fantasy, Adventure, Drama",TV,13,2008,Madhouse,G,7.62,403680,40280,179,625540,No,No,Japanese,Ongoing
180,Anime Title 180,"Comedy, Horror, Slice of Life",Movie,46,2012,Kyoto Animation,R,7.11,307667,43347,180,399535,Yes,No,Japanese,Ongoing
181,Anime Title 181,"Adventure, Sports, Comedy",Movie,49,2017,Bones,R,7.55,56363,6047,181,6447,No,No,Japanese,Completed
182,Anime Title 182,"Adventure, Fantasy",TV,24,2008,Wit Studio,R,6.84,47486,23244,182,582141,Yes,No,Japanese,Completed
183,Anime Title 183,Comedy,Special,50,2019,Ufotable,PG,8.39,89410,44962,183,400226,Yes,Yes,Japanese,Completed
184,Anime Title 184,"Comedy, Horror",Movie,9,2000,Kyoto Animation,PG-13,7.89,254376,5091,184,379666,No,Yes,Japanese,Completed
185,Anime Title 185,"Sports, Romance, Horror",TV,18,2004,MAPPA,R,7.6,325659,24946,185,844135,No,No,Japanese,Completed
186,Anime Title 186,"Sports, Fantasy",OVA,42,2014,Madhouse,R,7.54,209292,20965,186,306605,No,Yes,Japanese,Completed
187,Anime Title 187,"Comedy, Sci-Fi",OVA,15,2024,Madhouse,PG,8.75,288910,1813,187,763538,No,Yes,Japanese,Completed
188,Anime Title 188,"Adventure, Sci-Fi",Special,18,2015,Toei Animation,PG,7.33,81315,46923,188,444681,No,Yes,Japanese,Completed
189,Anime Title 189,"Horror, Sci-Fi, Slice of Life",TV,47,2017,Ufotable,G,9.04,345272,43611,189,373253,Yes,Yes,Japanese,Completed
190,Anime Title 190,"Sci-Fi, Adventure",TV,13,2003,Madhouse,PG,7.97,205566,30397,190,810859,Yes,No,Japanese,Ongoing
191,Anime Title 191,"Adventure, Comedy",Special,11,1998,Bones,PG-13,7.53,239225,13607,191,547428,No,No,Japanese,Completed
192,Anime Title 192,Horror,Special,41,1997,Toei Animation,G,9.17,60837,1530,192,891429,No,Yes,Japanese,Ongoing
193,Anime Title 193,"Romance, Slice of Life, Fantasy",Movie,43,2012,Kyoto Animation,R,7.27,212861,41321,193,194411,Yes,No,Japanese,Completed
194,Anime Title 194,Sports,Movie,58,2013,Kyoto Animation,R,6.51,113115,13536,194,292865,Yes,Yes,Japanese,Ongoing
195,Anime Title 195,"Drama, Romance",Special,15,2003,Wit Studio,PG-13,8.47,321001,25775,195,616519,Yes,No,Japanese,Completed
196,Anime Title 196,"Sports, Fantasy",OVA,79,2013,Ufotable,PG,7.53,125580,20063,196,123629,Yes,No,Japanese,Ongoing
197,Anime Title 197,"Sci-Fi, Sports, Fantasy",Special,55,2000,Wit Studio,PG,8.33,257213,18979,197,148111,Yes,No,Japanese,Completed
198,Anime Title 198,"Action, Drama, Sports",Special,18,2001,Kyoto Animation,R,7.85,258305,27288,198,745638,No,No,Japanese,Ongoing
199,Anime Title 199,Sports,TV,98,2002,Toei Animation,G,7.41,282361,18968,199,177379,No,No,Japanese,Ongoing
200,Anime Title 200,"Adventure, Comedy, Drama",TV,98,2018,Wit Studio,PG,9.77,54195,48283,200,871392,Yes,No,Japanese,Ongoing
201,Anime Title 201,"Comedy, Drama",TV,57,2022,Ufotable,PG,7.19,387221,38580,201,723608,No,No,Japanese,Ongoing
202,Anime Title 202,"Fantasy, Romance, Slice of Life",TV,73,2006,Toei Animation,PG,7.57,369626,19228,202,304387,No,Yes,Japanese,Ongoing
203,Anime Title 203,"Action, Comedy",Movie,90,2022,Bones,PG,6.98,169371,16273,203,799462,No,No,Japanese,Ongoing
204,Anime Title 204,"Comedy, Sci-Fi, Slice of Life",Special,10,2015,Ufotable,R,8.2,146370,45578,204,982819,No,No,Japanese,Completed
205,Anime Title 205,"Sports, Action",TV,94,2009,A-1 Pictures,G,9.13,209017,14325,205,451513,Yes,No,Japanese,Completed
206,Anime Title 206,"Comedy, Drama",Movie,73,2022,Wit Studio,PG-13,9.45,400140,3222,206,49174,Yes,No,Japanese,Ongoing
207,Anime Title 207,Fantasy,Special,59,1995,Kyoto Animation,PG,9.79,477291,8695,207,925998,No,Yes,Japanese,Completed
208,Anime Title 208,Drama,OVA,11,2006,Bones,G,7.81,160674,47628,208,734417,Yes,No,Japanese,Ongoing
209,Anime Title 209,"Adventure, Action, Romance",Special,10,1999,Madhouse,R,6.53,365193,22566,209,857800,Yes,No,Japanese,Ongoing
210,Anime Title 210,"Adventure, Romance",Special,12,2018,Ufotable,G,7.53,462391,19661,210,144790,No,Yes,Japanese,Ongoing
211,Anime Title 211,Slice of Life,TV,79,2015,Bones,R,7.66,112202,41211,211,785616,Yes,No,Japanese,Completed
212,Anime Title 212,Adventure,TV,18,2019,Ufotable,R,7.66,225623,20661,212,830504,Yes,Yes,Japanese,Completed
213,Anime Title 213,"Adventure, Romance, Comedy",TV,85,2023,Toei Animation,PG,8.21,267636,12413,213,785170,No,No,Japanese,Ongoing
214,Anime Title 214,Horror,Special,15,2002,Wit Studio,G,8.24,6826,23714,214,980290,No,Yes,Japanese,Completed
215,Anime Title 215,"Sci-Fi, Drama, Fantasy",Special,99,1997,MAPPA,G,6.55,113611,2660,215,968394,Yes,No,Japanese,Completed
216,Anime Title 216,"Slice of Life, Sci-Fi, Sports",Special,11,2015,Bones,PG-13,6.78,41930,33558,216,966659,Yes,Yes,Japanese,Completed
217,Anime Title 217,"Sports, Adventure",OVA,90,2008,Madhouse,G,7.31,485271,28524,217,122620,No,Yes,Japanese,Completed
218,Anime Title 218,"Fantasy, Adventure, Action",Movie,90,1995,Bones,R,9.64,274705,33946,218,822021,No,Yes,Japanese,Completed
219,Anime Title 219,Comedy,TV,99,2023,MAPPA,PG-13,9.16,143096,34381,219,67974,No,Yes,Japanese,Completed
220,Anime Title 220,"Slice of Life, Drama",TV,64,2022,Bones,PG-13,7.02,405947,6793,220,938708,Yes,Yes,Japanese,Ongoing
221,Anime Title 221,Action,Movie,6,2010,A-1 Pictures,R,9.54,94327,2367,221,580720,No,Yes,Japanese,Completed
222,Anime Title 222,Sci-Fi,OVA,35,2021,Ufotable,PG-13,6.89,353516,3501,222,189056,Yes,Yes,Japanese,Completed
223,Anime Title 223,Horror,OVA,100,2022,Toei Animation,PG-13,6.79,239966,572,223,387839,Yes,No,Japanese,Completed
224,Anime Title 224,"Sports, Romance, Horror",OVA,76,2010,Madhouse,PG,7.0,489344,26922,224,26071,Yes,No,Japanese,Ongoing
225,Anime Title 225,"Action, Sci-Fi",OVA,14,2001,Madhouse,R,8.12,31902,9380,225,747221,No,Yes,Japanese,Ongoing
226,Anime Title 226,Slice of Life,Special,90,2023,A-1 Pictures,R,9.72,45013,38111,226,101219,Yes,No,Japanese,Ongoing
227,Anime Title 227,"Sports, Action, Sci-Fi",Movie,31,2004,Toei Animation,PG-13,9.56,206520,45972,227,873310,No,No,Japanese,Completed
228,Anime Title 228,"Romance, Adventure",Movie,18,2019,Ufotable,PG,6.85,236202,30593,228,330287,No,Yes,Japanese,Completed
229,Anime Title 229,Horror,OVA,60,2003,Ufotable,G,7.02,360190,19987,229,867529,Yes,Yes,Japanese,Completed
230,Anime Title 230,Adventure,Movie,46,2007,MAPPA,PG-13,7.36,91656,2086,230,999345,No,No,Japanese,Ongoing
231,Anime Title 231,Horror,TV,18,1998,MAPPA,G,9.24,117043,8616,231,208757,No,No,Japanese,Ongoing
232,Anime Title 232,"Sports, Comedy, Adventure",TV,9,2001,Wit Studio,PG,6.8,444716,21778,232,129479,Yes,No,Japanese,Ongoing
233,Anime Title 233,Sports,Special,93,2007,Wit Studio,G,7.76,224194,11375,233,372136,Yes,Yes,Japanese,Completed
234,Anime Title 234,"Horror, Fantasy",TV,79,2014,Madhouse,PG-13,8.15,463330,36139,234,503300,Yes,Yes,Japanese,Completed
235,Anime Title 235,"Fantasy, Sci-Fi",Movie,83,2023,Madhouse,G,9.77,410449,46801,235,377556,No,No,Japanese,Completed
236,Anime Title 236,"Slice of Life, Drama, Sci-Fi",OVA,24,1995,A-1 Pictures,PG,6.6,425534,18461,236,62437,No,No,Japanese,Ongoing
237,Anime Title 237,Adventure,Movie,85,2002,Toei Animation,G,9.02,497421,14429,237,604656,No,No,Japanese,Ongoing
238,Anime Title 238,Romance,OVA,95,2017,A-1 Pictures,G,8.82,184882,37251,238,591984,Yes,Yes,Japanese,Completed
239,Anime Title 239,"Comedy, Fantasy, Horror",TV,12,1996,Madhouse,PG,6.57,251103,94,239,348848,Yes,Yes,Japanese,Completed
240,Anime Title 240,"Fantasy, Drama, Action",TV,19,2013,Bones,G,9.29,451738,23963,240,77054,No,No,Japanese,Ongoing
241,Anime Title 241,"Comedy, Drama",Movie,21,2018,Kyoto Animation,R,8.64,91832,46395,241,590275,No,Yes,Japanese,Ongoing
242,Anime Title 242,"Comedy, Sports",Movie,23,2018,MAPPA,R,9.31,404637,37240,242,34955,Yes,No,Japanese,Ongoing
243,Anime Title 243,"Sports, Adventure, Horror",Movie,43,2018,Ufotable,PG,7.64,168019,11052,243,668090,Yes,No,Japanese,Completed
244,Anime Title 244,Comedy,Movie,32,2017,Ufotable,PG-13,7.35,57141,47263,244,2343,Yes,No,Japanese,Completed
245,Anime Title 245,"Sci-Fi, Fantasy, Sports",Special,49,2006,Kyoto Animation,G,9.24,414021,37933,245,683591,Yes,Yes,Japanese,Completed
246,Anime Title 246,Action,OVA,3,2005,Toei Animation,G,6.74,89684,24656,246,169720,Yes,Yes,Japanese,Completed
247,Anime Title 247,"Sports, Horror, Action",Special,84,2000,Kyoto Animation,PG,6.68,174088,13520,247,200212,No,No,Japanese,Completed
248,Anime Title 248,"Romance, Adventure",TV,51,2013,Wit Studio,PG,6.68,2500,28073,248,92884,No,No,Japanese,Ongoing
249,Anime Title 249,Action,Movie,22,2015,Toei Animation,G,8.06,61059,20258,249,824002,No,No,Japanese,Completed
250,Anime Title 250,"Comedy, Adventure, Sci-Fi",Movie,48,2023,Kyoto Animation,PG-13,7.12,23892,17305,250,462101,No,No,Japanese,Ongoing
251,Anime Title 251,"Sports, Action",Movie,97,2017,Ufotable,G,8.7,424219,35534,251,435096,Yes,Yes,Japanese,Completed
252,Anime Title 252,"Sci-Fi, Slice of Life, Horror",Movie,61,2004,Ufotable,R,9.48,375001,2325,252,527491,Yes,Yes,Japanese,Completed
253,Anime Title 253,Fantasy,Movie,25,1999,MAPPA,R,6.76,358654,28583,253,212727,Yes,No,Japanese,Completed
254,Anime Title 254,"Adventure, Sports, Sci-Fi",Special,71,2005,Toei Animation,R,9.53,6982,45952,254,654323,No,Yes,Japanese,Completed
255,Anime Title 255,Fantasy,TV,14,2013,Ufotable,PG-13,9.36,461944,22585,255,921538,No,No,Japanese,Completed
256,Anime Title 256,"Horror, Sports, Action",Movie,36,2007,Bones,R,6.63,466893,21774,256,725056,Yes,Yes,Japanese,Completed
257,Anime Title 257,"Drama, Action",OVA,39,2004,Toei Animation,R,9.33,359559,6486,257,912107,Yes,Yes,Japanese,Completed
258,Anime Title 258,"Horror, Drama, Comedy",Special,78,2015,Ufotable,PG,7.96,479401,26734,258,777936,No,No,Japanese,Ongoing
259,Anime Title 259,"Fantasy, Adventure, Comedy",Special,18,2019,MAPPA,PG,7.14,437195,13204,259,878633,Yes,Yes,Japanese,Ongoing
260,Anime Title 260,"Action, Drama",Movie,36,2006,Wit Studio,R,8.6,65445,44691,260,33047,Yes,No,Japanese,Completed
261,Anime Title 261,"Horror, Fantasy, Sports",OVA,45,2000,Toei Animation,G,7.44,203171,3303,261,171820,Yes,Yes,Japanese,Ongoing
262,Anime Title 262,"Romance, Comedy, Sci-Fi",TV,100,2025,MAPPA,R,9.51,339909,11400,262,631343,Yes,Yes,Japanese,Completed
263,Anime Title 263,"Comedy, Sports, Sci-Fi",Special,45,2009,Toei Animation,PG,8.04,355545,34170,263,865352,No,Yes,Japanese,Ongoing
264,Anime Title 264,"Drama, Slice of Life, Comedy",OVA,88,1998,Wit Studio,G,7.61,145456,42032,264,341930,No,No,Japanese,Completed
265,Anime Title 265,Fantasy,Movie,8,2020,Kyoto Animation,PG-13,8.75,378660,1718,265,688237,No,No,Japanese,Completed
266,Anime Title 266,"Sci-Fi, Sports",TV,75,2017,Madhouse,PG-13,8.9,117082,45028,266,561605,No,No,Japanese,Completed
267,Anime Title 267,Slice of Life,Movie,38,1998,Wit Studio,PG,8.95,380706,36686,267,800977,Yes,No,Japanese,Ongoing
268,Anime Title 268,Drama,Movie,96,2022,Toei Animation,R,9.1,174205,24408,268,274216,No,No,Japanese,Ongoing
269,Anime Title 269,"Action, Adventure",Special,25,2011,Ufotable,R,8.25,217087,3593,269,914151,Yes,Yes,Japanese,Ongoing
270,Anime Title 270,"Sci-Fi, Horror",Movie,41,2022,Bones,G,8.11,331342,11638,270,329638,Yes,Yes,Japanese,Completed
271,Anime Title 271,"Romance, Fantasy",Movie,63,2020,Ufotable,PG,8.53,332629,28191,271,423988,No,No,Japanese,Completed
272,Anime Title 272,Action,Movie,94,2006,MAPPA,PG-13,9.0,278914,12539,272,19786,Yes,Yes,Japanese,Ongoing
273,Anime Title 273,"Drama, Comedy, Fantasy",TV,50,2011,Toei Animation,PG,6.72,24469,19592,273,995535,No,No,Japanese,Completed
274,Anime Title 274,"Fantasy, Drama",Special,46,2019,Madhouse,PG,9.63,481904,26486,274,21053,Yes,Yes,Japanese,Ongoing
275,Anime Title 275,Action,Movie,16,2006,MAPPA,R,9.39,134607,35094,275,654404,Yes,Yes,Japanese,Ongoing
276,Anime Title 276,"Action, Sports, Adventure",Special,57,2007,Ufotable,PG-13,8.07,80782,13517,276,729961,Yes,No,Japanese,Completed
277,Anime Title 277,"Adventure, Slice of Life, Comedy",Movie,54,2021,Ufotable,G,7.43,411940,7014,277,522917,Yes,Yes,Japanese,Completed
278,Anime Title 278,"Romance, Drama, Sci-Fi",OVA,21,1996,Wit Studio,PG,8.77,252506,21716,278,246896,Yes,Yes,Japanese,Ongoing
279,Anime Title 279,Sports,Special,20,2025,Ufotable,G,8.89,53605,16820,279,676636,Yes,No,Japanese,Completed
280,Anime Title 280,"Horror, Action",TV,23,2022,MAPPA,PG-13,7.69,355320,20543,280,447688,Yes,Yes,Japanese,Ongoing
281,Anime Title 281,Fantasy,Movie,43,2006,Wit Studio,PG-13,9.4,49233,24470,281,855551,No,Yes,Japanese,Ongoing
282,Anime Title 282,"Sci-Fi, Horror",OVA,50,2017,Wit Studio,R,8.64,418310,10980,282,119548,Yes,Yes,Japanese,Ongoing
283,Anime Title 283,Sci-Fi,Special,73,2016,Wit Studio,PG,8.52,409006,23551,283,642055,Yes,Yes,Japanese,Completed
284,Anime Title 284,"Adventure, Sci-Fi",Special,6,1997,Toei Animation,PG-13,6.54,455756,44478,284,551311,Yes,No,Japanese,Ongoing
285,Anime Title 285,"Romance, Horror",OVA,85,2016,Kyoto Animation,PG,9.27,293233,40217,285,58216,Yes,Yes,Japanese,Completed
286,Anime Title 286,"Fantasy, Adventure",Special,42,2002,A-1 Pictures,PG-13,6.67,117262,36127,286,675567,No,No,Japanese,Ongoing
287,Anime Title 287,Horror,Special,74,2009,Ufotable,R,7.98,62736,32645,287,782439,Yes,Yes,Japanese,Completed
288,Anime Title 288,"Action, Slice of Life",TV,12,2020,Toei Animation,PG,8.66,239684,22388,288,381992,Yes,Yes,Japanese,Completed
289,Anime Title 289,"Slice of Life, Horror",OVA,92,2009,Ufotable,G,9.01,116759,193,289,358938,No,No,Japanese,Completed
290,Anime Title 290,"Adventure, Action, Fantasy",Special,18,2021,Kyoto Animation,G,7.34,103219,12340,290,127611,No,Yes,Japanese,Completed
291,Anime Title 291,Drama,TV,97,2008,MAPPA,G,9.05,236694,30025,291,691441,Yes,No,Japanese,Ongoing
292,Anime Title 292,"Action, Slice of Life, Sci-Fi",Special,66,2019,Bones,PG,8.91,67809,6836,292,407224,No,No,Japanese,Completed
293,Anime Title 293,"Romance, Comedy, Sci-Fi",OVA,38,2009,Bones,PG,7.86,367509,49098,293,538179,No,No,Japanese,Ongoing
294,Anime Title 294,Romance,OVA,88,2006,Bones,PG,8.16,364519,41788,294,339041,Yes,No,Japanese,Completed
295,Anime Title 295,"Sports, Sci-Fi, Comedy",Special,2,2011,Ufotable,G,7.76,28321,43975,295,60354,Yes,No,Japanese,Ongoing
296,Anime Title 296,"Comedy, Fantasy",TV,89,2020,Toei Animation,PG,8.99,17437,23556,296,854568,No,Yes,Japanese,Ongoing
297,Anime Title 297,"Slice of Life, Sci-Fi, Romance",OVA,89,2016,MAPPA,R,7.78,413697,44951,297,328841,Yes,Yes,Japanese,Completed
298,Anime Title 298,Sports,Special,29,2024,A-1 Pictures,PG,9.06,101948,19329,298,471616,Yes,Yes,Japanese,Ongoing
299,Anime Title 299,Slice of Life,TV,49,1996,Kyoto Animation,PG-13,8.34,68692,10596,299,613353,No,Yes,Japanese,Completed
300,Anime Title 300,"Fantasy, Action",Movie,42,2014,MAPPA,PG-13,8.12,300747,36105,300,376479,Yes,No,Japanese,Ongoing
301,Anime Title 301,Slice of Life,TV,65,2000,Kyoto Animation,R,6.8,116471,14032,301,696556,No,No,Japanese,Completed
302,Anime Title 302,"Romance, Slice of Life",Special,72,2021,MAPPA,G,8.71,234157,15801,302,949433,Yes,Yes,Japanese,Completed
303,Anime Title 303,"Adventure, Sci-Fi",OVA,70,2018,Toei Animation,G,9.51,431521,24623,303,540292,No,No,Japanese,Ongoing
304,Anime Title 304,"Romance, Drama",TV,13,2000,MAPPA,G,7.2,330546,14020,304,907966,No,Yes,Japanese,Ongoing
305,Anime Title 305,"Sci-Fi, Adventure, Fantasy",TV,59,2017,A-1 Pictures,G,6.79,28952,11714,305,833794,No,Yes,Japanese,Ongoing
306,Anime Title 306,"Sci-Fi, Sports",Special,81,2007,Kyoto Animation,PG-13,6.56,353502,7803,306,561814,Yes,Yes,Japanese,Ongoing
307,Anime Title 307,"Adventure, Drama, Sports",OVA,88,2004,Ufotable,PG-13,9.03,229968,25046,307,415306,Yes,No,Japanese,Ongoing
308,Anime Title 308,"Romance, Fantasy, Sci-Fi",OVA,82,1999,Toei Animation,PG-13,9.66,6345,36325,308,918259,Yes,Yes,Japanese,Ongoing
309,Anime Title 309,Sports,Special,69,2012,Ufotable,PG-13,7.19,389223,47625,309,361554,Yes,No,Japanese,Ongoing
310,Anime Title 310,Fantasy,Movie,79,2021,Toei Animation,PG,6.88,352285,37228,310,894650,Yes,No,Japanese,Ongoing
311,Anime Title 311,"Adventure, Comedy",TV,26,2018,Wit Studio,PG-13,7.68,352452,43007,311,246925,Yes,No,Japanese,Ongoing
312,Anime Title 312,Drama,Special,58,2005,Toei Animation,PG,8.37,191599,20781,312,450112,Yes,Yes,Japanese,Completed
313,Anime Title 313,Romance,Special,36,2021,A-1 Pictures,PG,8.74,174334,31504,313,486331,No,No,Japanese,Completed
314,Anime Title 314,"Slice of Life, Adventure",Movie,83,2014,Ufotable,PG-13,9.33,73901,35348,314,206973,No,Yes,Japanese,Ongoing
315,Anime Title 315,Slice of Life,TV,75,2013,Kyoto Animation,PG,9.49,289694,17129,315,570868,No,Yes,Japanese,Completed
316,Anime Title 316,"Romance, Comedy",Movie,60,2011,Ufotable,R,7.7,6053,43479,316,251484,Yes,Yes,Japanese,Completed
317,Anime Title 317,Fantasy,Movie,95,2018,Wit Studio,PG-13,6.63,399730,32008,317,244007,Yes,No,Japanese,Completed
318,Anime Title 318,Action,Movie,67,2024,A-1 Pictures,R,8.05,238864,3093,318,42843,No,Yes,Japanese,Completed
319,Anime Title 319,"Comedy, Slice of Life, Fantasy",Special,84,2007,A-1 Pictures,G,8.2,197804,14657,319,542455,No,No,Japanese,Completed
320,Anime Title 320,"Horror, Action",Movie,57,2000,Madhouse,G,8.2,147725,13911,320,158538,Yes,Yes,Japanese,Completed
321,Anime Title 321,"Adventure, Romance, Sci-Fi",OVA,93,1998,Wit Studio,R,8.08,310244,10617,321,679700,No,Yes,Japanese,Ongoing
322,Anime Title 322,Fantasy,Movie,18,2015,MAPPA,PG,6.68,135902,11848,322,542737,No,Yes,Japanese,Completed
323,Anime Title 323,Romance,Special,78,2010,Wit Studio,PG,7.22,215860,39426,323,150644,Yes,No,Japanese,Ongoing
324,Anime Title 324,"Drama, Horror, Adventure",Movie,49,2007,Bones,G,6.55,274551,33103,324,718611,No,Yes,Japanese,Ongoing
325,Anime Title 325,Horror,TV,69,2011,Ufotable,G,8.09,68829,39599,325,566482,Yes,No,Japanese,Completed
326,Anime Title 326,"Action, Slice of Life",Special,30,2025,Wit Studio,R,7.66,422353,48637,326,952959,Yes,No,Japanese,Ongoing
327,Anime Title 327,"Horror, Romance",TV,37,2014,Kyoto Animation,PG-13,7.12,372298,48785,327,828769,Yes,Yes,Japanese,Ongoing
328,Anime Title 328,"Romance, Drama",Special,47,1998,Bones,R,8.65,133476,17174,328,897508,No,No,Japanese,Completed
329,Anime Title 329,"Sci-Fi, Romance, Sports",Special,23,2006,Wit Studio,PG-13,9.76,303355,22617,329,812801,No,Yes,Japanese,Ongoing
330,Anime Title 330,"Romance, Horror, Fantasy",TV,28,2011,Kyoto Animation,PG-13,9.14,322426,45732,330,718817,Yes,Yes,Japanese,Completed
331,Anime Title 331,"Action, Adventure, Fantasy",Special,77,2008,Ufotable,G,7.37,194924,5295,331,639613,Yes,No,Japanese,Completed
332,Anime Title 332,"Slice of Life, Comedy, Action",Movie,82,2010,Wit Studio,G,7.17,344896,34007,332,300899,Yes,Yes,Japanese,Ongoing
333,Anime Title 333,"Fantasy, Action, Drama",Movie,84,1995,Bones,G,9.79,409273,26227,333,371281,No,No,Japanese,Ongoing
334,Anime Title 334,"Action, Adventure, Slice of Life",OVA,93,2021,A-1 Pictures,PG-13,9.68,145469,14880,334,636818,Yes,No,Japanese,Completed
335,Anime Title 335,"Action, Comedy, Fantasy",Special,65,1998,Ufotable,PG-13,7.62,61846,33688,335,271211,No,No,Japanese,Completed
336,Anime Title 336,"Horror, Romance, Drama",Special,88,2009,MAPPA,R,6.88,35917,25128,336,665442,Yes,Yes,Japanese,Completed
337,Anime Title 337,"Drama, Slice of Life",TV,90,2021,Toei Animation,PG,7.45,209654,44201,337,786161,No,Yes,Japanese,Ongoing
338,Anime Title 338,"Drama, Sports",Movie,74,2003,Bones,PG,8.15,105182,15441,338,772153,Yes,No,Japanese,Ongoing
339,Anime Title 339,Romance,Movie,80,2006,Bones,G,6.9,41650,44340,339,696650,No,Yes,Japanese,Ongoing
340,Anime Title 340,"Drama, Sports",Special,74,2022,Toei Animation,R,7.1,401193,33547,340,294880,No,Yes,Japanese,Ongoing
341,Anime Title 341,Slice of Life,Special,62,2025,MAPPA,PG-13,7.8,360339,11505,341,480404,Yes,No,Japanese,Completed
342,Anime Title 342,"Action, Sports, Romance",Special,75,1998,A-1 Pictures,PG-13,8.52,136657,12315,342,576210,No,Yes,Japanese,Completed
343,Anime Title 343,"Sports, Drama",OVA,24,2010,Kyoto Animation,PG,7.88,394867,24449,343,383812,No,No,Japanese,Completed
344,Anime Title 344,Sports,Movie,74,2016,Madhouse,G,8.88,422073,15503,344,583316,No,No,Japanese,Ongoing
345,Anime Title 345,Fantasy,Special,2,2000,Kyoto Animation,R,6.94,468830,41380,345,543121,No,No,Japanese,Completed
346,Anime Title 346,"Slice of Life, Action",Special,13,2017,Bones,G,7.21,133821,31280,346,880725,Yes,No,Japanese,Completed
347,Anime Title 347,"Drama, Sports",OVA,45,1995,Kyoto Animation,G,7.66,356798,39737,347,209622,Yes,No,Japanese,Completed
348,Anime Title 348,"Slice of Life, Horror",Special,11,2007,Toei Animation,R,8.58,76442,11032,348,672697,No,No,Japanese,Completed
349,Anime Title 349,Adventure,Movie,44,2002,A-1 Pictures,PG-13,8.65,372971,17579,349,635792,No,No,Japanese,Completed
350,Anime Title 350,"Sports, Slice of Life",Special,53,2000,Bones,G,6.91,123512,43436,350,264871,Yes,Yes,Japanese,Ongoing
351,Anime Title 351,"Adventure, Sports",TV,61,2012,MAPPA,G,9.04,275217,5505,351,109976,No,Yes,Japanese,Ongoing
352,Anime Title 352,"Sci-Fi, Comedy, Romance",Movie,95,2004,Wit Studio,PG,6.93,440124,11230,352,30959,Yes,No,Japanese,Completed
353,Anime Title 353,"Horror, Slice of Life",OVA,71,2009,Bones,PG,8.45,239860,41406,353,786290,No,No,Japanese,Completed
354,Anime Title 354,"Slice of Life, Romance",TV,57,2004,A-1 Pictures,R,7.36,159659,741,354,1096,Yes,No,Japanese,Completed
355,Anime Title 355,"Slice of Life, Action",Special,97,2010,Toei Animation,G,9.03,418863,19246,355,627003,Yes,Yes,Japanese,Completed
356,Anime Title 356,Sci-Fi,Special,51,2002,Bones,R,9.23,116153,17284,356,84057,No,Yes,Japanese,Completed
357,Anime Title 357,"Slice of Life, Comedy",Special,25,2022,Ufotable,PG,6.95,58358,41789,357,478461,No,No,Japanese,Completed
358,Anime Title 358,Drama,TV,20,1996,MAPPA,PG,9.71,148409,17691,358,132113,No,Yes,Japanese,Ongoing
359,Anime Title 359,Fantasy,TV,64,2001,A-1 Pictures,R,7.53,419648,32712,359,390438,No,Yes,Japanese,Completed
360,Anime Title 360,Fantasy,TV,35,2019,Kyoto Animation,G,8.29,95712,12645,360,940208,No,No,Japanese,Ongoing
361,Anime Title 361,Romance,Special,99,2009,Madhouse,G,7.16,386020,6207,361,547453,Yes,No,Japanese,Completed
362,Anime Title 362,"Comedy, Drama, Fantasy",TV,96,2024,Ufotable,PG-13,8.09,157164,13073,362,378934,Yes,Yes,Japanese,Ongoing
363,Anime Title 363,Sci-Fi,OVA,2,2000,Toei Animation,G,7.81,127948,635,363,45033,No,Yes,Japanese,Completed
364,Anime Title 364,Romance,Movie,64,1997,A-1 Pictures,G,6.7,338442,10137,364,736395,Yes,Yes,Japanese,Completed
365,Anime Title 365,Drama,OVA,57,2018,Madhouse,G,8.77,188282,47524,365,142276,No,Yes,Japanese,Completed
366,Anime Title 366,"Horror, Slice of Life, Comedy",Special,25,2013,Bones,PG-13,7.57,246073,18093,366,910809,Yes,Yes,Japanese,Ongoing
367,Anime Title 367,"Comedy, Sports",OVA,59,1995,Kyoto Animation,PG,9.41,325419,23910,367,814712,Yes,No,Japanese,Ongoing
368,Anime Title 368,"Slice of Life, Sci-Fi, Romance",Special,99,2012,Bones,PG-13,7.56,336518,21154,368,116830,Yes,Yes,Japanese,Ongoing
369,Anime Title 369,Fantasy,TV,26,1998,Wit Studio,PG,6.83,299874,42107,369,877923,No,No,Japanese,Completed
370,Anime Title 370,Drama,Movie,78,2017,Ufotable,G,9.57,109938,43025,370,516276,Yes,No,Japanese,Ongoing
371,Anime Title 371,"Slice of Life, Sci-Fi",OVA,91,1996,Toei Animation,G,8.92,437995,19966,371,82721,Yes,Yes,Japanese,Ongoing
372,Anime Title 372,"Romance, Slice of Life, Sci-Fi",Movie,25,2011,Madhouse,PG,8.34,293126,27259,372,783351,Yes,No,Japanese,Completed
373,Anime Title 373,"Sci-Fi, Adventure, Fantasy",Movie,71,2007,A-1 Pictures,PG,8.26,315028,29083,373,979866,No,No,Japanese,Completed
374,Anime Title 374,"Sci-Fi, Sports",OVA,78,2002,Madhouse,R,9.03,486067,48846,374,267431,No,No,Japanese,Completed
375,Anime Title 375,"Action, Sports",OVA,77,1995,Bones,PG-13,6.52,116832,14128,375,898287,No,Yes,Japanese,Completed
376,Anime Title 376,"Slice of Life, Sports, Fantasy",TV,5,2009,A-1 Pictures,PG,6.96,192957,38202,376,262993,Yes,No,Japanese,Completed
377,Anime Title 377,Sports,Special,73,2024,Madhouse,G,8.89,416210,31673,377,182301,No,Yes,Japanese,Completed
378,Anime Title 378,Sports,Special,11,2019,MAPPA,PG-13,7.65,428917,28512,378,437754,Yes,Yes,Japanese,Ongoing
379,Anime Title 379,"Sci-Fi, Action, Comedy",TV,41,2012,Bones,PG-13,8.16,116261,10089,379,53973,No,No,Japanese,Ongoing
380,Anime Title 380,Sci-Fi,OVA,51,1999,Bones,PG-13,6.77,300099,48894,380,52706,No,No,Japanese,Ongoing
381,Anime Title 381,"Slice of Life, Sci-Fi",Movie,98,1999,Wit Studio,PG,8.11,342466,37492,381,206625,Yes,Yes,Japanese,Ongoing
382,Anime Title 382,"Sci-Fi, Drama",TV,15,2016,Kyoto Animation,R,7.71,100371,21069,382,362260,Yes,No,Japanese,Ongoing
383,Anime Title 383,"Sports, Horror",Movie,57,1996,Madhouse,PG,8.76,82284,49708,383,764873,Yes,Yes,Japanese,Ongoing
384,Anime Title 384,Sports,Movie,37,1995,A-1 Pictures,G,7.51,247539,1540,384,348997,Yes,Yes,Japanese,Ongoing
385,Anime Title 385,"Slice of Life, Comedy, Horror",Movie,89,2017,MAPPA,R,8.42,348379,34574,385,46594,No,Yes,Japanese,Ongoing
386,Anime Title 386,"Romance, Comedy",TV,60,2015,MAPPA,G,7.78,142744,43499,386,894473,No,Yes,Japanese,Ongoing
387,Anime Title 387,"Sci-Fi, Romance",Special,66,2017,Ufotable,PG-13,8.1,313555,34886,387,93296,Yes,Yes,Japanese,Completed
388,Anime Title 388,"Action, Sports, Romance",OVA,43,2010,Kyoto Animation,PG,6.56,359276,23112,388,373640,No,Yes,Japanese,Completed
389,Anime Title 389,Comedy,Special,4,2025,Toei Animation,PG,7.0,470878,25795,389,689842,Yes,Yes,Japanese,Completed
390,Anime Title 390,"Sports, Romance, Sci-Fi",Movie,74,1999,Kyoto Animation,PG-13,9.5,173140,29486,390,569573,Yes,Yes,Japanese,Ongoing
391,Anime Title 391,"Slice of Life, Romance, Fantasy",OVA,89,2017,Bones,R,9.79,404227,9562,391,689108,Yes,No,Japanese,Ongoing
392,Anime Title 392,"Slice of Life, Adventure, Fantasy",OVA,19,2018,MAPPA,PG-13,9.4,217576,27001,392,319083,No,No,Japanese,Ongoing
393,Anime Title 393,Adventure,Movie,24,1995,Toei Animation,PG,8.47,121564,45097,393,28351,No,Yes,Japanese,Completed
394,Anime Title 394,Slice of Life,Special,92,2015,A-1 Pictures,PG,9.31,258159,31104,394,145192,Yes,Yes,Japanese,Ongoing
395,Anime Title 395,Sci-Fi,TV,35,2025,Kyoto Animation,PG,8.95,106843,49711,395,215498,Yes,Yes,Japanese,Completed
396,Anime Title 396,"Horror, Drama, Sports",Movie,55,2007,MAPPA,R,8.88,207148,40125,396,985758,Yes,Yes,Japanese,Completed
397,Anime Title 397,"Action, Romance",Special,95,1996,Kyoto Animation,G,7.13,230952,26135,397,928358,No,No,Japanese,Completed
398,Anime Title 398,Sci-Fi,OVA,79,2024,MAPPA,PG,8.03,339243,29652,398,95834,Yes,Yes,Japanese,Ongoing
399,Anime Title 399,"Sci-Fi, Drama",Special,4,2000,Wit Studio,PG,9.41,47780,16439,399,340817,Yes,Yes,Japanese,Ongoing
400,Anime Title 400,Horror,OVA,11,2011,Kyoto Animation,PG,7.75,200047,2927,400,806579,Yes,No,Japanese,Ongoing
401,Anime Title 401,Fantasy,Movie,99,2017,MAPPA,R,7.52,383315,29295,401,303808,Yes,Yes,Japanese,Ongoing
402,Anime Title 402,Action,OVA,2,2009,Wit Studio,R,8.29,3514,39894,402,926581,No,Yes,Japanese,Ongoing
403,Anime Title 403,"Horror, Sports, Sci-Fi",Special,11,2014,MAPPA,PG,9.41,146311,40666,403,660172,Yes,Yes,Japanese,Ongoing
404,Anime Title 404,Action,OVA,5,1999,MAPPA,PG-13,7.59,46481,3263,404,115176,No,Yes,Japanese,Ongoing
405,Anime Title 405,"Comedy, Slice of Life, Fantasy",Special,96,2013,A-1 Pictures,G,6.81,157416,21206,405,387473,No,Yes,Japanese,Completed
406,Anime Title 406,"Adventure, Comedy, Horror",Movie,16,2017,Toei Animation,PG-13,8.24,275565,13802,406,730630,Yes,Yes,Japanese,Ongoing
407,Anime Title 407,"Slice of Life, Adventure, Horror",OVA,55,2014,A-1 Pictures,PG-13,8.23,327259,23240,407,973140,Yes,No,Japanese,Completed
408,Anime Title 408,"Fantasy, Romance",OVA,25,1995,Ufotable,G,8.03,418217,7778,408,774291,Yes,No,Japanese,Completed
409,Anime Title 409,Drama,OVA,72,2020,Madhouse,G,8.61,362267,18506,409,267776,Yes,No,Japanese,Completed
410,Anime Title 410,"Slice of Life, Drama, Action",TV,88,2005,A-1 Pictures,R,8.89,323457,1958,410,873460,Yes,Yes,Japanese,Completed
411,Anime Title 411,"Horror, Sports",TV,83,1999,Wit Studio,PG,8.57,468195,35240,411,940449,No,No,Japanese,Completed
412,Anime Title 412,"Action, Slice of Life, Comedy",OVA,72,2012,MAPPA,PG,8.41,174416,23223,412,70429,Yes,No,Japanese,Ongoing
413,Anime Title 413,"Sci-Fi, Slice of Life",Movie,74,2014,Kyoto Animation,PG,8.46,453796,49302,413,324256,No,Yes,Japanese,Completed
414,Anime Title 414,"Adventure, Horror",Movie,48,2009,Toei Animation,PG,8.23,92257,7405,414,393393,Yes,Yes,Japanese,Ongoing
415,Anime Title 415,"Slice of Life, Action",Special,65,1999,Madhouse,PG-13,9.55,384510,34366,415,326434,No,Yes,Japanese,Ongoing
416,Anime Title 416,"Fantasy, Romance, Action",Special,50,2017,Ufotable,G,7.53,23584,45076,416,890322,Yes,No,Japanese,Completed
417,Anime Title 417,Adventure,OVA,3,2013,Toei Animation,PG,7.56,101449,18830,417,291088,No,No,Japanese,Ongoing
418,Anime Title 418,"Fantasy, Sports",OVA,15,1995,Ufotable,PG,8.29,288525,20922,418,285218,Yes,No,Japanese,Ongoing
419,Anime Title 419,Adventure,OVA,79,2023,A-1 Pictures,R,6.67,15700,30900,419,948170,Yes,Yes,Japanese,Completed
420,Anime Title 420,Adventure,Special,51,2000,Wit Studio,PG-13,7.53,429075,13035,420,748528,Yes,No,Japanese,Ongoing
421,Anime Title 421,Horror,TV,59,2004,Wit Studio,R,7.26,117832,9468,421,903924,No,No,Japanese,Completed
422,Anime Title 422,Drama,OVA,59,2010,MAPPA,G,8.07,184756,31418,422,484646,Yes,No,Japanese,Completed
423,Anime Title 423,"Sports, Fantasy, Adventure",Special,92,2020,Ufotable,PG-13,8.34,37684,19849,423,559624,No,No,Japanese,Completed
424,Anime Title 424,Sports,Movie,71,2000,Wit Studio,R,6.72,109676,45535,424,620677,No,No,Japanese,Completed
425,Anime Title 425,"Romance, Fantasy, Adventure",Special,15,2013,Wit Studio,PG-13,8.33,431476,29227,425,185731,No,No,Japanese,Ongoing
426,Anime Title 426,"Adventure, Sci-Fi, Drama",Special,83,2016,MAPPA,G,7.22,73332,38111,426,948132,Yes,Yes,Japanese,Ongoing
427,Anime Title 427,"Slice of Life, Comedy",Special,79,2013,Wit Studio,PG,7.18,460523,20798,427,315295,No,No,Japanese,Completed
428,Anime Title 428,Sports,TV,79,2011,Kyoto Animation,PG,9.31,33221,24247,428,945846,Yes,Yes,Japanese,Completed
429,Anime Title 429,Comedy,TV,31,2008,Kyoto Animation,PG-13,8.85,213378,25056,429,457329,Yes,Yes,Japanese,Completed
430,Anime Title 430,Romance,Special,47,2021,Kyoto Animation,PG,7.45,458064,43963,430,132647,Yes,Yes,Japanese,Ongoing
431,Anime Title 431,"Action, Fantasy, Horror",Special,18,1997,Bones,R,9.34,468994,45623,431,634790,No,Yes,Japanese,Completed
432,Anime Title 432,"Sci-Fi, Slice of Life, Horror",Special,46,2002,Bones,R,8.5,303506,32697,432,888938,Yes,No,Japanese,Completed
433,Anime Title 433,"Sports, Drama, Action",TV,73,2010,A-1 Pictures,G,8.41,362519,5297,433,149989,No,No,Japanese,Ongoing
434,Anime Title 434,"Sports, Adventure, Romance",Special,81,2018,Ufotable,PG-13,8.52,474238,22564,434,562023,Yes,No,Japanese,Completed
435,Anime Title 435,"Horror, Drama, Sci-Fi",OVA,38,2004,Bones,G,8.79,313833,49164,435,319841,No,Yes,Japanese,Completed
436,Anime Title 436,"Fantasy, Action, Comedy",TV,37,2010,Ufotable,PG,8.17,446902,18259,436,265294,Yes,No,Japanese,Completed
437,Anime Title 437,"Action, Adventure",Movie,76,2018,Bones,R,7.72,92459,17171,437,821539,Yes,No,Japanese,Ongoing
438,Anime Title 438,"Action, Drama, Adventure",Movie,77,2024,Bones,R,8.98,217003,25161,438,250505,No,Yes,Japanese,Ongoing
439,Anime Title 439,"Drama, Action, Comedy",TV,7,2000,Wit Studio,R,8.07,250200,48949,439,995314,Yes,No,Japanese,Completed
440,Anime Title 440,"Comedy, Fantasy",Special,2,2004,Wit Studio,R,8.74,278505,44802,440,44010,Yes,No,Japanese,Completed
441,Anime Title 441,"Comedy, Drama, Sports",OVA,13,2003,Kyoto Animation,R,9.05,393239,15896,441,770983,Yes,No,Japanese,Ongoing
442,Anime Title 442,"Slice of Life, Action",TV,9,1995,Kyoto Animation,G,8.23,359899,29275,442,369591,Yes,No,Japanese,Completed
443,Anime Title 443,Action,TV,80,1997,MAPPA,PG,9.64,335039,8031,443,743470,Yes,Yes,Japanese,Ongoing
444,Anime Title 444,"Sports, Fantasy",TV,90,2000,Toei Animation,PG-13,8.04,491329,5012,444,670809,No,No,Japanese,Completed
445,Anime Title 445,"Drama, Comedy, Fantasy",TV,36,2019,MAPPA,R,7.78,31988,16973,445,853283,No,Yes,Japanese,Completed
446,Anime Title 446,Horror,Movie,79,2007,Bones,R,6.86,283946,28312,446,229994,Yes,No,Japanese,Completed
447,Anime Title 447,Action,TV,10,2013,Toei Animation,R,6.56,261438,9805,447,685578,Yes,Yes,Japanese,Completed
448,Anime Title 448,"Fantasy, Drama",Special,74,1995,Wit Studio,R,7.94,443024,47744,448,819871,Yes,Yes,Japanese,Ongoing
449,Anime Title 449,"Horror, Adventure",OVA,43,2016,Toei Animation,R,6.68,339753,5991,449,384102,No,Yes,Japanese,Completed
450,Anime Title 450,"Romance, Fantasy",TV,50,2016,Madhouse,PG-13,8.8,470503,7047,450,662249,No,No,Japanese,Ongoing
451,Anime Title 451,"Horror, Romance, Fantasy",TV,25,1995,Madhouse,R,7.78,416123,35475,451,675661,No,No,Japanese,Completed
452,Anime Title 452,Action,OVA,8,2005,MAPPA,R,6.89,423654,42900,452,700731,No,Yes,Japanese,Ongoing
453,Anime Title 453,Action,Movie,63,2015,MAPPA,R,9.49,324705,3051,453,255471,Yes,Yes,Japanese,Ongoing
454,Anime Title 454,"Action, Comedy, Adventure",Special,79,2000,Ufotable,G,6.88,312439,40395,454,232287,Yes,Yes,Japanese,Completed
455,Anime Title 455,"Sci-Fi, Drama",TV,88,2013,Bones,PG-13,9.26,416313,14024,455,802351,Yes,Yes,Japanese,Completed
456,Anime Title 456,Adventure,OVA,19,2019,Kyoto Animation,PG,8.8,290645,10863,456,460969,Yes,Yes,Japanese,Ongoing
457,Anime Title 457,Sports,Special,100,2000,MAPPA,R,6.77,4287,11808,457,972124,Yes,No,Japanese,Completed
458,Anime Title 458,"Horror, Fantasy, Romance",Movie,82,2003,Wit Studio,R,7.29,92013,40062,458,726272,Yes,Yes,Japanese,Completed
459,Anime Title 459,"Adventure, Comedy, Drama",Special,1,2012,Madhouse,PG,6.89,278476,6320,459,649985,No,Yes,Japanese,Completed
460,Anime Title 460,"Romance, Comedy, Action",Movie,15,2020,Bones,R,8.14,84260,43968,460,968492,Yes,Yes,Japanese,Completed
461,Anime Title 461,"Romance, Sci-Fi",OVA,43,2014,Wit Studio,G,6.84,28002,35266,461,185431,Yes,Yes,Japanese,Completed
462,Anime Title 462,"Adventure, Sports, Romance",Special,76,2013,A-1 Pictures,R,7.16,355365,21394,462,242238,Yes,No,Japanese,Ongoing
463,Anime Title 463,Romance,Special,26,2007,Madhouse,G,8.05,254469,3611,463,934745,No,Yes,Japanese,Ongoing
464,Anime Title 464,"Horror, Fantasy, Sci-Fi",OVA,18,2009,Madhouse,PG-13,9.72,106516,22062,464,134391,Yes,Yes,Japanese,Completed
465,Anime Title 465,Adventure,Special,59,2008,Bones,PG-13,7.23,155249,39609,465,165404,Yes,Yes,Japanese,Ongoing
466,Anime Title 466,"Slice of Life, Horror",Movie,76,2010,Wit Studio,PG-13,6.55,224953,48296,466,915985,Yes,Yes,Japanese,Completed
467,Anime Title 467,"Sports, Romance",Movie,74,2023,MAPPA,R,9.73,21502,30894,467,770105,Yes,No,Japanese,Completed
468,Anime Title 468,"Adventure, Horror",Special,31,1997,MAPPA,R,9.63,70079,23538,468,311158,Yes,Yes,Japanese,Ongoing
469,Anime Title 469,"Comedy, Fantasy",Special,74,2018,MAPPA,R,8.03,73178,46130,469,426051,Yes,No,Japanese,Completed
470,Anime Title 470,"Action, Adventure, Sci-Fi",OVA,68,1996,Toei Animation,R,8.98,366481,40190,470,569784,Yes,Yes,Japanese,Completed
471,Anime Title 471,"Action, Slice of Life, Drama",TV,15,2007,A-1 Pictures,R,8.54,192164,24064,471,184781,Yes,Yes,Japanese,Ongoing
472,Anime Title 472,"Romance, Slice of Life",TV,84,2010,Madhouse,PG,7.56,471275,17571,472,529027,No,No,Japanese,Ongoing
473,Anime Title 473,Drama,OVA,58,2010,Ufotable,R,8.84,356128,34971,473,944142,No,No,Japanese,Completed
474,Anime Title 474,"Adventure, Romance, Horror",TV,11,2007,Bones,PG-13,9.66,40842,7217,474,173769,No,Yes,Japanese,Ongoing
475,Anime Title 475,"Fantasy, Romance",TV,38,2008,Bones,R,7.64,233210,48396,475,677000,Yes,No,Japanese,Ongoing
476,Anime Title 476,Action,Movie,67,2015,A-1 Pictures,R,8.41,344307,42389,476,826045,No,No,Japanese,Completed
477,Anime Title 477,"Comedy, Fantasy",OVA,22,2020,Toei Animation,PG,8.1,151571,3151,477,156544,No,No,Japanese,Completed
478,Anime Title 478,Sports,Movie,92,2012,Toei Animation,PG,9.71,440551,46456,478,727515,Yes,Yes,Japanese,Ongoing
479,Anime Title 479,Action,OVA,74,1999,Wit Studio,PG-13,7.72,108060,36913,479,742484,Yes,No,Japanese,Completed
480,Anime Title 480,Drama,Special,70,2000,Toei Animation,G,9.54,212607,32779,480,806849,Yes,No,Japanese,Completed
481,Anime Title 481,Action,OVA,83,2017,Toei Animation,R,9.46,495432,49474,481,602596,Yes,No,Japanese,Completed
482,Anime Title 482,"Adventure, Horror, Action",Movie,87,2012,Ufotable,PG-13,6.58,324259,14491,482,468636,No,Yes,Japanese,Completed
483,Anime Title 483,Sports,Movie,75,2011,Madhouse,PG-13,7.15,44324,35335,483,891714,No,Yes,Japanese,Completed
484,Anime Title 484,Horror,OVA,78,2014,MAPPA,PG-13,7.81,375871,28075,484,388585,No,No,Japanese,Ongoing
485,Anime Title 485,"Drama, Sports",OVA,58,2022,Ufotable,PG,8.9,233399,48646,485,436798,No,No,Japanese,Ongoing
486,Anime Title 486,"Sci-Fi, Sports, Fantasy",TV,19,2001,Toei Animation,R,9.76,275909,22031,486,70327,No,Yes,Japanese,Ongoing
487,Anime Title 487,"Comedy, Sci-Fi",Movie,72,2009,Bones,PG,7.11,200657,19020,487,581771,No,Yes,Japanese,Completed
488,Anime Title 488,"Comedy, Horror, Slice of Life",Movie,4,2020,MAPPA,PG,7.37,336335,41767,488,496495,Yes,No,Japanese,Completed
489,Anime Title 489,Horror,Movie,4,1998,Toei Animation,R,9.78,35483,39298,489,782782,No,No,Japanese,Completed
490,Anime Title 490,"Horror, Adventure",OVA,66,2018,MAPPA,PG-13,7.04,31176,9627,490,336209,No,Yes,Japanese,Completed
491,Anime Title 491,Action,OVA,47,2008,A-1 Pictures,G,7.46,278169,41923,491,982799,Yes,Yes,Japanese,Ongoing
492,Anime Title 492,Sports,Movie,70,2005,A-1 Pictures,PG-13,7.4,366435,45161,492,381132,Yes,No,Japanese,Ongoing
493,Anime Title 493,Fantasy,OVA,48,2019,Wit Studio,R,7.62,478015,10734,493,108392,Yes,Yes,Japanese,Ongoing
494,Anime Title 494,Slice of Life,TV,54,2009,Ufotable,G,9.2,484632,1188,494,503811,No,No,Japanese,Completed
495,Anime Title 495,Horror,OVA,23,2017,Toei Animation,G,8.96,62678,14622,495,135966,Yes,Yes,Japanese,Completed
496,Anime Title 496,Romance,Movie,11,2008,Ufotable,G,6.56,254389,49682,496,453195,Yes,Yes,Japanese,Ongoing
497,Anime Title 497,Slice of Life,TV,61,1998,Toei Animation,G,6.72,350507,723,497,792203,Yes,Yes,Japanese,Ongoing
498,Anime Title 498,"Romance, Fantasy, Drama",TV,12,1999,Toei Animation,PG-13,7.66,448838,32859,498,819730,Yes,Yes,Japanese,Ongoing
499,Anime Title 499,"Action, Slice of Life, Romance",Movie,37,2000,MAPPA,G,9.55,483095,33092,499,893649,No,No,Japanese,Ongoing
500,Anime Title 500,"Adventure, Fantasy",OVA,49,2008,Madhouse,PG,7.85,399697,20646,500,130620,No,Yes,Japanese,Ongoing
